tipo,nombres,apellidos,dni,nacimiento,telefono
1,Paki,Pierce,58744549,1984-03-20,929404364
1,Desirae,Garrett,50318470,1913-08-28,970077674
1,Lani,Pacheco,28364903,1954-02-11,967175287
1,Hyatt,Sharp,41425764,2018-08-21,984451399
1,Luke,Boone,41100758,2017-10-29,968189552
1,Serina,Dyer,9886125,2018-02-09,934862747
1,Tate,Kline,59836365,1918-03-23,963122591
1,Daryl,Oneill,84085560,2011-04-16,995228713
1,Dacey,Fleming,98803229,1960-08-20,912192089
1,Kevin,Harrell,38858622,1913-01-31,979991440
1,Haley,Reilly,84081022,1992-12-31,945046932
1,Davis,Holder,96027003,1900-09-16,912392741
1,Ria,Saunders,31608942,1936-10-02,927919457
1,Steel,Leon,69652079,1949-05-06,905032813
1,Clark,Ferguson,4631980,1996-01-30,951430653
1,Adena,Mckenzie,57810662,1999-12-20,955805929
1,Jordan,Calderon,470751,2013-10-18,945241665
1,Latifah,Hinton,70401000,1903-10-09,925911581
1,Carl,Levine,1570899,1948-04-05,918866934
1,Fiona,Henry,60001584,1957-07-03,982094674
1,Flavia,Salas,34179464,1940-08-28,974660144
1,Buckminster,Miranda,73039556,1910-12-11,996508329
1,Lacota,Frye,57796098,1928-11-23,941136670
1,Lane,Dennis,67033622,1928-06-01,989101132
1,Megan,Jacobson,76953014,1972-06-19,979644329
1,Dai,Duke,48103752,1903-12-11,924736187
1,Shoshana,Oconnor,60660097,2007-09-19,908529033
1,Shellie,Lindsay,90861142,2011-05-10,997931902
1,Sylvia,Conner,71210717,1937-07-13,938359846
1,Whitney,Adams,18609855,2016-09-20,916550766
1,Janna,Horn,72770587,1907-04-11,977963870
1,Idola,Brewer,68554165,1907-10-21,974795688
1,Venus,Fulton,45781609,1907-10-23,963177529
1,Eugenia,Jones,57844016,2017-08-06,900399181
1,Justine,Patterson,88699427,1937-12-15,982680769
1,Timon,Lewis,90880548,1951-09-29,969146159
1,Lacota,Chavez,59945714,1905-01-22,915608378
1,Olympia,Henry,77674124,1998-07-31,903468347
1,Giselle,Whitley,7557719,1900-06-30,956591710
1,Kessie,Wong,34318357,1991-07-07,940107040
1,Lareina,Mclean,58102004,1920-06-30,910430146
1,Lavinia,Daugherty,94340832,1954-07-22,922443315
1,Tate,Camacho,98151288,1976-06-25,962735279
1,Hanae,Kent,98068774,2015-03-10,948119311
1,George,Mayer,22559297,1981-04-25,985355794
1,Ora,Rivers,40825916,2004-04-17,992067099
1,Lenore,Burke,30635536,1950-04-17,926079085
1,Pearl,Walsh,87078064,1965-09-27,949319392
1,Lars,Golden,9930971,1920-08-01,924748789
1,Jeremy,Walton,70005428,1913-10-05,924287470
1,Iliana,Murphy,35441639,1957-05-04,966359792
1,Timothy,Gilbert,42554334,1932-01-14,979762591
1,Phoebe,Henson,57836517,1909-04-16,976879820
1,Kimberly,Mack,91636556,1926-10-03,965523027
1,Uma,Ramos,8177867,2018-09-08,999552984
1,Sydney,Haynes,33235461,1931-10-25,961540507
1,Tana,Byrd,78529495,1956-12-07,925498564
1,Jenna,Dorsey,1351602,1990-07-10,944201756
1,Jacob,Farley,16218958,1964-09-07,983265345
1,Griffith,Santana,91604794,1924-01-05,923187050
1,Autumn,Richardson,3117557,1927-07-27,952955811
1,Alea,Blankenship,64310891,2012-01-15,958887565
1,Desiree,Yates,43086681,1923-04-28,946512907
1,Zia,Fields,73518561,1943-07-19,996390716
1,Allistair,Chen,35186878,1911-07-04,976511977
1,Kirsten,Santiago,21148196,1933-09-01,914346697
1,Gil,Sharp,96518808,1930-12-08,999925327
1,Nathan,Mayo,94428287,1911-11-11,964957192
1,Wayne,Spears,9253975,1916-06-26,968871852
1,Kareem,Wade,42660547,2015-01-16,978107189
1,Byron,Bray,7702222,1986-02-19,934586495
1,Ella,Boyle,86616717,2008-09-26,976745706
1,Kermit,Hartman,27050041,1963-09-17,909125737
1,Marah,Woodard,23052767,1951-04-19,965094753
1,Jack,Mooney,80505116,1953-02-22,974691373
1,Sheila,Stewart,33181592,1978-10-15,961885896
1,May,Valenzuela,28248534,2010-05-22,978230500
1,Lillith,Fletcher,25095481,1969-05-05,903585700
1,Nomlanga,Greene,8733989,1921-01-26,993428767
1,Louis,Bowers,50337728,1981-06-25,930141517
1,Celeste,Roach,18145917,1912-07-28,922990692
1,Neil,Booth,62356185,2006-11-09,984615651
1,Cheryl,Navarro,44847479,2018-03-18,975558143
1,Cora,Zimmerman,91500162,1965-06-18,922986108
1,Marcia,Wilkerson,48591767,1902-09-28,953848400
1,Evangeline,Mcgee,8663237,1971-03-25,916229085
1,Davis,Salazar,3540245,1953-02-18,961106887
1,Gisela,Robertson,37206981,1987-09-01,967586764
1,Jameson,Mckinney,62215786,1983-03-06,999020440
1,Sybill,Wheeler,9173771,2021-02-11,967119550
1,Candice,Brady,35702634,1973-08-26,967361975
1,Leandra,Ortiz,71051740,2018-07-03,935574182
1,Isaiah,Horn,64642735,1915-09-22,963983950
1,Barbara,Campbell,77556873,2013-11-26,955927835
1,Dustin,Kennedy,52932769,1966-12-08,979986641
1,Gillian,Thomas,18766302,1930-05-01,994542371
1,Amanda,Gutierrez,51569118,1987-06-11,963488683
1,Stephanie,Clay,21969695,1991-03-24,973499301
1,Nigel,Gilliam,8500090,2001-10-08,957901867
1,Joan,Flynn,11738869,1979-04-26,947228497
